title,latitude,longitude
DecÃ­an que era imposible â€¦ yes !!!,25.6502875,-100.366033
CÃ³mo ando bien metida en mi papel de ama de casa haciendo quehacer mi mamÃ¡ no me dice nada por tener mi playlist de â€œseÃ±ora dejadaâ€ a todo volumen ğŸ¤­ğŸ˜‚ğŸ˜‚,18.4528265,-91.6332875
ideas para disfraces en pareja ??,20.676652,-103.335882
Hoy amaneci asi alguien gusta https://t.co/otOOgwm7gv,19.432836,-99.153366
"@bolavipcom MÃ¡s bien el dinero compra todo,  menos la felicidad!!!",20.7152745,-100.4405945
"ğŸ‡²ğŸ‡½ #SesiÃ³nSenado Por unanimidad el @senadomexicano aprueba incorporar el Premio al MÃ©rito EcolÃ³gico a la Ley de Premios, EstÃ­mulos y Recompensas Civiles. Y que el Premio Nacional de Ciencias lleve el nombre del premio Nobel de QuÃ­mica:  JosÃ© Mario Molina Pasquel y HenrÃ­quez .",19.432836,-99.153366
"@rocioglzm @ElSitiodeAna La Ã‘era betty, sÃ³lo es CORRIENTE!! https://t.co/4khIaL59Cb",19.432722,-99.0170165
@stefaniee17 Me pegÃ³ una arrastrada pero me defendÃ­. Admiro mucho a tu jefe. Jajaja Â¡Feliz cumpleaÃ±os IvÃ¡n!+ Jajaja,20.1195135,-101.1485685
Quiero un maskking de fresa ğŸ¥²,19.0742235,-98.3340725
Para que queremos enemigos si tu mamÃ¡ te disfraza asÃ­ ... Jajaja https://t.co/QrjNELs6o6,22.3111195,-100.955511
@puebla_cojamos Estamos en tepozzotlan,19.6562895,-99.233657
Los #PartidosPolÃ­ticos de OposiciÃ³n es en esto actos de abuso de poder que deben hacerse presentes y solidarizarse asi como apoyar a la clase trabajadora @PRI_Nacional @AccionNacional @MovCiudadanoMX @PRDMexico @Senado_PRI @GPPRIDiputados,19.432836,-99.153366
"@IvOnArT ğŸ¤”ğŸ¤”ğŸ¤” y eso no te supone un problema??  digo, si todas empiezan a la misma hora Â¿cÃ³mo atenderlas a la vez? ğŸ¤ªğŸ¤ªğŸ¤ª",19.3427885,-99.050461
Cuando me gusta una morrita,20.676652,-103.335882
@JellyBellySoda VÃ¡monos ahorita en corto,25.6417185,-100.2935915
"Vicente Fernandez ha sufrido muerte cerebral, que se prepare mi hÃ­gado este fin de semana para pistear escuchando a don chente",28.7677765,-106.9085085
@LuisSerrano_ Bienaventurados los que emprenden y van hacia adelante! Lo mejor!,23.9541625,-104.837578
"â€œMi Dios es justo y compasivo; es un Dios tierno y cariÃ±oso que protege a los indefensos. Yo no tenÃ­a quien me defendiera, y Ã©l vino en mi ayuda.â€ -Salmos 116:5-6",20.936595500000006,-97.409066
"@Ferchis_Aguilar @KiyoshiGL @laurelyeye De  aquel entonces ?   TodavÃ­a existen personas indÃ­genas y todavÃ­a hablan sus lenguas, eh. Dato",19.652724,-101.27577
@pedrocamejo22 @hojillasilva @omarjos33386012 @JosepBorrellF @NicolasMaduro Totalmente de acuerdo!,20.489709,-103.407581
Con todo..!,19.0322295,-98.1542665
Como siempre @rocionahle y sus discursos #IrracioNahles! ğŸ¤¦ğŸ»â€â™€ï¸,19.380613,-99.1614805
@abuenoctm Yo conozco muchos y son pendejos jajajaja,18.135455,-94.432482
Acaba de publicar una foto en Sierra de JuÃ¡rez (Baja California) https://t.co/DIDJrm6yXX,32.25,-115.83333333
@HectorBDguez ğŸ¤£ğŸ¤£ğŸ¤£ğŸ¤£ pss yo me lo encontrÃ© primero,20.941035,-89.62361100000003
@DavidPraDino Me encanta Annie's Song y siempre me habÃ­a preguntado que se habÃ­a hecho Ã©l... ğŸ˜”,16.742435500000003,-93.1396595
"@Cyb3rPsycho @ecobici @GobCDMX @pasotti_ @BiciManager @BicireporteraDF @ari_santillan @arelibiciteka @ElOjodCiclovias @Javier_Hidalgo @xtrevi @repartidorr Casi todas las veces que paso por ahÃ­, un conductor nos pone en riesgo  Y digo nos pone porque generalmente vamos muchos ciclistas al mismo tiempo y ni asÃ­ baja velocidad. Perro coraje",19.432836,-99.153366
"@josemiguelespe1 @Enrique_Rojas1 @EJerezESPN No es mi profesiÃ³n, ni vocaciÃ³n, ni de mi interÃ©s !!! Pero si tengo gusto de toda la vida por el bÃ©isbol por la narraciÃ³n y la buena crÃ³nica, debido  a que en MÃ©xico hay excelentes desde la vieja escuela con Sony AlarcÃ³n, El Mago Septien (DEP Ambos) y actualmente Jorge E SÃ¡nchez",27.7136525,-109.84179
Ando aquÃ­ en #Sauces !!  Alguna #parejaexhibicionista #chica #sola que quieran o necesiten un #didisex ya saben que dentro de mi auto se permite de todo.! ğŸ¥µ https://t.co/PbcmuMNhKp,19.358114,-99.594955
@ricardodelhoyo Mil gracias ğŸ™ğŸ»,25.6502875,-100.366033
@El_Universal_Mx @lopezobrador_ EstarÃ­amos mejor sin @lopezobrador_.,19.4299345,-99.2115105
@interhot42 Con gusto te baÃ±aba para refrescarte,21.048719,-87.0316645
"@marianapordios @_VicenteSerrano Atinadamente, corrijo.",18.811717,-99.1828615
@quiquequelite @CasiNiTrabajo @marianagc @CarlosLoret potencial de mercado.,19.380613,-99.1614805
Â¡Â¡SUSCRIBETE!! â¤ï¸ğŸ§¡ğŸ’›ğŸ’šğŸ’™ğŸ’œğŸ–¤ğŸ¤ Disfruta de nuestro contenido exclusivoâ­ fotos y videos que jamÃ¡s verÃ¡s en otra de nuestras redes ğŸ“¸ personaliza lo que quieres ver ğŸ‘€ CONTENIDO NUEVO TODOS LOS DIAS ğŸ“ˆ que esperas Ãºnete... â¬‡ï¸â¬‡ï¸â¬‡ï¸   https://t.co/dfiisvhwLL   #OnlyFans   ğŸ‘ https://t.co/arDXMacqX5,19.542054,-96.886083
Matando el tiempo #tiempo en DIF Cuernavaca https://t.co/Aq9NBZxxCY,18.95371164,-99.24342103
Â¡Obvidio que serÃ¡ un discurso memorable!,20.7152745,-100.4405945
"Los que nos pusieron la Pfizer, si la libramos ğŸ˜",27.9411105,-101.1351435
"Claro que habÃ­a elementos de la @PGR_AIC cuidando al criminal confeso de #Lozoya, pues es el activo mÃ¡s grande de la #4T.  Ese es el tema: goza de libertad y protecciÃ³n, en lugar de castigo y cÃ¡rcel.",25.6502875,-100.366033
"No me gusta que se quiten el bigote y solo se dejen la barba, sorry but itâ€™s a no! ğŸ˜–",25.921946500000004,-109.1037265
@SweetMilff Por supuesto ğŸ˜˜ğŸ† https://t.co/Pwr1Z373qT,19.0322295,-98.1542665
@Iris_detusojos Ese vecino seguro decora su casa con galerÃ­as el triunfo ğŸ¤£ğŸ¤£ https://t.co/fTlHMfsxpt,19.4299345,-99.2115105
@ReginaFrancoMX @SexyMilfNicole Que rico despertar y verte asÃ­ â¤ï¸ğŸ”¥,20.9100115,-100.7761945
"Este miÃ©rcoles, desde temprana hora, las #BrigadasCorrecaminos iniciaron, la aplicaciÃ³n de la segunda dosis del biolÃ³gico Sinovac a las personas que, por diferentes causas, no se habÃ­an podido vacunar.  #SomosServidoresDeLaNaciÃ³n #GobiernoDeMÃ©xicoğŸ‡²ğŸ‡½ https://t.co/IGcXLVvRba",22.7306065,-102.6943495
8 veces marcando y nadie contesta. Cc: @sspyuc @CJ_Yucatan @secogey,20.941035,-89.62361100000003
"Por fin tengo en mis manos el #MetroidDread. Esta muy bueno el juego, de verdad lo recomiendo mucho. Gracias #Nintendo por seguir sacando juego de esta saga. No abandonen a Samus. https://t.co/faMBxeIwUA",27.47371200000001,-99.726569
Que cante en EspaÃ±ol el Wiliam ValdÃ©s... La verdad no me gusto #EstoyEnQuieroCantar,19.542054,-96.886083
Ayyyyy quiero un taquito de milanesaa,20.478755,-100.439731
"En Corea comÃºnmente se celebra como parte de un aniversario, el dÃ­a 100, es por eso que #dearjiminmx decidiÃ³ tomar esta idea y transformarla, para asÃ­ escribirle durante 100 a #JIMIN âœğŸ»ğŸ“œğŸ¥ğŸ’œ es de aquÃ­ que nace la idea del proyecto #100dayswithjimin https://t.co/NFDutbsdU2",17.563637,-93.9612025
MLB: Serie Divisional de la Liga Nacional donde Giants (2-1) ganan de visitante ante los campeones Dodgers (1-2) y se ponen a una victoria de avanzar a la serie de campeonato. https://t.co/mpyOnWjYyx,23.9541625,-104.837578
â€œCompromisos por la Unidad y la TransformaciÃ³n DemocrÃ¡tica del Partido de la RevoluciÃ³n DemocrÃ¡tica PRD ğŸ”†â€ #SomosPRD #hacemoslarevoluciÃ³n â˜€ï¸ https://t.co/r9efw7szFN,19.432836,-99.153366
"Taquitos de caracol blanco para entrar en cintura... Â¡Buenos dÃ­as, solecitos y demÃ¡s moluscos locales! ;) #BreakfastOfChampions #DesayunoDeCampeones #RealLife en Tetiz Tacos De Marisco https://t.co/tpnrwfGXhi",21.01580875,-89.58420966
Perro miedo...  Estoy muy feliz aquÃ­ en #gaia ğŸ™‚,19.652724,-101.27577
@TelemundoSports @LaSelecta_SLV @miseleccionmx Jajaja que ridÃ­culos,31.452274000000006,-106.568008
"Acaba de publicar una foto en La Paz, Baja California Sur https://t.co/LItApN2JWA",24.1405,-110.312
"Reporta al 9-1-1 ğŸ‘‡  Si observas personas sospechosas cerca de tu domicilio, escuela o negocio, repÃ³rtalo a la lÃ­nea de emergencias.  Estamos para ayudarte. https://t.co/KB0UyuhzSX",29.395932,-111.7372995
"Algunos de los rostros del #novenoaniversario de nuestra #cooperativa   9ï¸âƒ£ ğŸ‚  Para quienes no nos conocen, somos una #sociedadcooperativa que comenzÃ³ a laborar el 1 de octubre del 2012 en Monterrey, N.L.  Trabajamos 2 areas:   ğŸ­ Imprenta digital ğŸ–¨ Venta y Renta de copiadoras https://t.co/CeJWWZS4MG",25.6417185,-100.2935915
"Verga IMSS, yo siempre te defendÃ­a.",20.676652,-103.335882
"@Gloria_yazR Claro, y cafÃ© del bueno, vayan haciendo sus encargos",19.0742235,-98.3340725
Escuchen este podcast raza es como la cotorrisa solo que no hablan de popo o de gente con down. https://t.co/da9YStxqs8,25.6502875,-100.366033
@dimefierro En El 2020 &amp; Lo AceptÃ³ Espero Pronto Conocer Al Amor De Mi Vida ğŸ˜,23.685934,-99.187904
"@luis_journalist @SGarciaSoto @lopezobrador_ @ManuelBartlett @rocionahle Claro, seguro Iberdrola si deja todo el dienero sucio de corrupciÃ³n en MÃ©xico, seamos justos, una parte si en sobornos como es tu caso que mÃ¡s bien son migajas",19.4299345,-99.2115105
"Ayer fue un dÃ­a intenso, genial pero intenso, y no puedo estar mÃ¡s agradecido! ğŸ––ğŸ½ Una bonita causalidad, una bella diosidencia.  Gracias por estar y por creer.  #TierraForte #RegionalMexicano #TierraCaliente https://t.co/o3LRvj4cao",20.12172,-98.73678
"@chamanesco @M_OlgaSCordero @elpaismexico Pues algo hay de eso (misoginia), pero lo que hay mÃ¡s en este gabinete es incompetencia, sin duda alguna...",20.676652,-103.335882
Â¡Echa un vistazo al vÃ­deo de El compa marquitos! #TikTok https://t.co/PXmf0xqHkI,19.432836,-99.153366
Â¿Por que el huevo verde no es verde?  Pregunta seria ğŸ¤”,22.3111195,-100.955511
"@josarellanoav Nooo, bueno... Me las mandas por MD ğŸ˜ğŸ˜˜",20.676652,-103.335882
@SecretoDeLaPina @negro_gonzalezp ğŸğŸğŸes hoy es hoy si nos ven nos saludan....ğŸ˜ˆğŸ˜ˆğŸ˜ˆğŸ˜ˆğŸ˜ˆ https://t.co/WnPmSh6FMr,19.473794,-99.310428
@VicenteFoxQue Otra vez el imbÃ©cil de fox. Â¿Y no te diÃ³ tiempo de terminar la primaria?,19.8533755,-98.9642575
Mis compaÃ±eros creen que ya estoy en MÃ©rida y yo estoy en mi casita aÃºn jajajjajajjajajjajajjajajjajajak,21.22812,-89.6748995
@Jorge90225450 Gracias! ğŸ˜ singles como tÃº nos gustarÃ­a para pasar un momento rico algÃºn dÃ­a ğŸ˜ˆ,25.6417185,-100.2935915
"@linajeaguila En Ã©stos dÃ­as la solidaridad abunda frente a las grandes tragedias,ojalÃ¡ este mensaje llegue a todo aquel que pueda apoyarlo ğŸ™ https://t.co/iCQ49yRAju",19.432836,-99.153366
"Andan bien recios, a la colonia ya pasaron a todos los locales dando la voz de aviso... licencias y permisos actualizados pa'la prÃ³xima vuelta que demos, por favor ",22.3111195,-100.955511
@cantinoso que tengas un muy feliz cumpleaÃ±os!!! Y que vendas miles miles de crudas mÃ¡s.  Abrazo!,19.4299345,-99.2115105
De esos entrenamientos que te dejan las piernas como Bambi como mi su fuera una muy buena cojida,20.6970525,-105.1485805
"Besirris, y no hagan eso osos paro mejor gomiten o algo pero no cojan en lugares publicos",23.46814,-106.2717475
â€œUna taza de cafÃ© para cambiar las cosas que sÃ­ puedo y una copa de vino para aceptar las que no.â€  AsÃ­ arrancamos la semana.,20.7152745,-100.4405945
#LosCabos #HuracÃ¡nPamela  ğŸ¤™ğŸ» https://t.co/0d47Tx2QwF,23.269879,-109.7662685
"Buenos dÃ­as #FelizMartesATodos que sea un gran dÃ­a, vamos con toda la actitud, hagamos que las cosas sucedan.",19.4857835,-99.182126
"Clara quÃ© si!!!! (@ Sofitel Mexico City Reforma in Mexico, Ciudad de MÃ©xico) https://t.co/yxEgO1p4Ay",19.4285207,-99.1659622
@azuara_rosalba Gracias,25.5835005,-100.48274899999998
Excelentes promociones ğŸ‘¨ğŸ½â€ğŸ’»ğŸ‘©ğŸ»â€ğŸ’»,19.0322295,-98.1542665
@fannilaso No funcionÃ³,28.9698625,-111.498181
@anaramioficial @Mia_DOficial @RoniSam_Oficial Sexy y hermosa a todo su explendor,19.418632,-98.9408425
#Rescatan ğŸ‘®â€â™€ï¸ğŸ‘®â€â™€ï¸ a persona que atentaba contra su vida en prol. Bernardo Quintana . . . ğŸ‘‰ https://t.co/4VsPhvIJhc,20.7152745,-100.4405945
@IsraelGarciaHdz AsÃ­ huele el @criter07 cuando anda crudo a pura chingada hormiga,22.3111195,-100.955511
"MLB: Serie de Campeonato de la Liga Americana, que arranca este viernes desde Houston, Texas donde Astros llega a su quinta final de campeonato de manera consecutiva ante el sorprendente Red Sox. https://t.co/Y9gSjpfFbG",23.9541625,-104.837578
" Ven a disfrutar y vivir una experiencia sensorial Ãºnicaâ€¦ descubreâ€¦sienteâ€¦exploraâ€¦ en un entorno seguro, y con los ojos vendados o sin vendar dejate llevar durante 90 minutos en un encuentro al desnudo  3 menores de 30 aÃ±os, 3 mayores   grupal hoy 4 pm  Reserva w 5569095612 https://t.co/RkBWdAVaaB",19.380613,-99.1614805
@1961_pilar @Inefable_Ine Buenos DÃ­as ğŸ™‹ğŸ½â€â™€ï¸ğŸ’â˜•ğŸ¤—,19.1431005,-96.0989905
 Follar la mente de una mujer es un vicio refinado para los entendidos; todos los demÃ¡s se conforman con el cuerpoâ€. https://t.co/pueXW91Q2f,32.332876500000005,-116.929102
"@PublimetroCol @BluRadioCo @infopresidencia @ArribaBogota @TransMilenio @transmisitp @NoTransM68 Los que inventaron su sistema de transporte,confuso, desordenado, obsoleto en sus estaciones hubieran visto el de otros paÃ­ses. https://t.co/wHTFCtAVgp",19.4857835,-99.182126
"@christophervele Mientras en juego no sea yo, dale hahaha",18.894686,-96.981183
#LunesDeCactÃ¡ceas  Purifica el aire en tu entorno laboral.  Estamos para servirte  #FabricandoPaisajismoğŸª´ https://t.co/1xMGap6PmP,23.6254185,-102.5580375
"Feliz cumpleaÃ±os Cristina, deseo que pases un gran dÃ­a, te mando un abrazo. https://t.co/XKlkq90s3S",19.2515305,-99.5799145
"John paul Jones es uno de los mejores Bajistas, aquÃ­ una gran lÃ­nea de bajo. Sin duda. https://t.co/vvPWx0YONT",24.6624885,-107.3420565
@jeniferlopezxxx Lindas tetas bebÃ© caben en mi boca,19.54393300000001,-99.1642825
@luis_gj Â¿Pues con quien duermes que te friega la garganta? ğŸ¤£ğŸ¤£,19.0322295,-98.1542665
#BuenDÃ­aATodos ğŸŒğŸŒğŸŒ https://t.co/Vx5t3nhN82,19.2843215,-99.655676
"martes d hospital y sucu, miÃ©rcoles d ver al rufiÃ¡n, jueves d ver a madison, viernes d ver a los rufianes dragones n hole, sÃ¡bado d sucu y besar rufianes, domingo d bajÃ³n con algÃºn rufiÃ¡n   como q desde q dije ah q mono el drag mi vida ha mejorado bn rÃ¡pido, me siento menos solo https://t.co/6Ruj0IZSvy",19.432836,-99.153366
"#HoyTengoAntojoDe compartir el amanecer que nos regala la vida.   â€œOtro dÃ­a, otro sol, otra sonrisa, otra esperanzaâ€¦ Hoy ya es un gran dÃ­aâ€   ğŸ“¸ @Chigolin_ https://t.co/58Mu6H8rHl",18.933812,-99.260819
"Ayer me cayÃ³ un morrito de XVII de Ãºltimo momento, ya estaba por irme a mi trabajo cuando me pidiÃ³ leche, y yo obediente no me pude negar, le dÃ­ a mamar mi verga hasta que me saco toda la que tenÃ­a ğŸ’¦ğŸ¤­",20.5845305,-87.346982
Las mascotas ya hasta sacaron la ley de derechos de autor con tal de que no se hable de Lozoya.,20.7152745,-100.4405945
"@EdmaryDev @Vschz @GringoJobs Lo que yo siempre les recomiendo es que si sienten que les falta inglÃ©s, traten de mantener sus respuestas al grano, pero que sean oraciones completas: sujeto, verbo, complemento. Y que si no entienden, no tengan miedo a pedirme por clarificaciÃ³n.",25.778679,-100.1687175
"El agua es indispensable para tener una vida digna, sin embargo parece que eso no les importa ni a @CuitlahuacGJ ni a los funcionarios de la @CAEV_Ver, pues desde hace meses tienen sin suministro a habitantes de #TantoyucaSinAgua #TantoyucaSinAgua https://t.co/Hr7wa0GbD5",18.9252895,-96.937002
"@MeraryVillegas deseo encarecidamente Diputada, que nunca pase por un problema de salud como el cÃ¡ncer, Dios la bendiga.",25.6417185,-100.2935915
"Cuando amas alguien, lo amas  con todo y sus defectos  -Venom",25.7817945,-97.8599755
@danylacaja Dejando ver en esa posiciÃ³n a heteros sin nada me prende machin ya espero el sin ropa ğŸ”¥,22.560886000000004,-98.082815
ğŸ—“Un dÃ­a como hoy de 1492 surgiÃ³ un acontecimiento histÃ³rico.  ğŸ—ºGracias a un espÃ­ritu aventurero y la bÃºsqueda de rutas mercantiles se diÃ³ el encuentro de dos mundos ğŸŒ que hace que hoy seamos una mezcla de razas y culturas.   #DÃ­adelaRaza https://t.co/TqvFGMqqmC,20.571807,-100.368967
"Vacuna-Ditto ğŸ˜¬ğŸ¥´ en TecÃ¡mac de Felipe Villanueva Centro, TecÃ¡mac de Felipe Villanueva https://t.co/k0hP8yfwxk",19.71277857,-98.97248916
"@carlosmartinh Saben si habrÃ¡ VacunaciÃ³n en #Huejotzingo, ya los de 2da dosis de  Aztrazeneca llevamos mÃ¡s de 2 meses esperÃ¡ndola.",19.1650145,-98.4862845
"JamÃ¡s me habÃ­a sentido tan libre y exclusivo, te amo tanto, sÃ© que estaremos juntos hasta que la muerte nos separe âœ‹ğŸ¼ğŸ¤ https://t.co/zBCwH2fFyd",19.318697,-99.3055805
Acaba de publicar una foto en Mexico https://t.co/LpFqiE1gLR,23.316667,-102.366667
DespuÃ©s de 15 dÃ­as sin poder venir al templo del honor en Escuela Superior de Guerra https://t.co/5lu8N3Ag2C,19.31872989,-99.23283921
La mejor aficiÃ³n estÃ¡ en la RegiÃ³n @AlgodonerosUL   #LagunaUnida #LaguneroPrimero  #PIUUUM!!! https://t.co/dpaUWetqIL,25.538969,-103.429269
"Me pone triste ver eventos de perritos,saber que mi britny ya no estÃ¡ y no poder ir,te extraÃ±o mucho.",17.3916575,-99.7241815
@Pelucazzzz Es bien culo! https://t.co/7bJZHTBRPo,20.7152745,-100.4405945
DecidÃ­ ser feliz un dÃ­a y ahora estoy buscando al dÃ­ablo para venderle mi alma.,16.289696,-92.1752655
@DrSylveonPsyq Me disculpas pero habemos los que si vamos por el cafe   Ya lo que pasa despues nunca fue especificado ğŸ™ŠğŸ™ŠğŸ™Š,20.1056375,-98.775808
"@yeidckol @lopezobrador_ SerÃ­a conveniente que llevara las sentencias condenatorias de sus hermanos, Bartlett y Lozoya. El calentamiento global, la globalizaciÃ³n econÃ³mica, la eliminaciÃ³n de reductos dictatoriales en AmÃ©rica que quede para otra ocasiÃ³n.",21.048719,-87.0316645
ay mija a usted nomÃ¡s no le crece el culo ni los followers,21.849459000000003,-102.327207
@robycop27 Delicia mami,31.452274000000006,-106.568008
Esa draga se debiÃ³ haber ido al doblaje! NEFASTA!,25.6417185,-100.2935915
"@mackguiver @c4jimenez @Ecatepec @DSPyTEcatepec @FiscaliaEdomex @Claudiashein @lopezobrador_ @OHarfuch Creo que eso fue en el estado de MÃ©xico, reclama al que estÃ¡ gobernando ahÃ­",19.518656,-99.1158905
Voy a twittear pura mamada para que se pierda jajajajaja,18.796835,-97.1649335
@jjessikhur Yo sabÃ­a que esto pasarÃ­a,21.626666,-104.8725575
Jajaja aweboo ya quitaron estÃ¡ mamada ala verga. pendejo ese!! todavÃ­a que se burla de los mexicanos con sus pelÃ­culas pendejas haciÃ©ndonos ver cÃ³mo retrasados mentales y muchos le aplauden a chingar atu madre @EugenioDerbez,16.9589495,-99.7356495
"No me ha pasado, pero si conozco a un compa asÃ­ de locochÃ³n ğŸ¤£",28.008597,-110.676221
@GobEdoSLP PodrÃ­an actualizar el canal de GobEdoSLP en telegram,22.3111195,-100.955511
Buenos dÃ­as sin seducciÃ³n,19.380613,-99.1614805
"El Cumbanchero ğŸ’ƒğŸ•º en Cuilacan, Sinaloa, Mexico https://t.co/Vanpm7C4HV",24.7994,-107.39
@zmch88 Enfermedades ğŸ˜¢,28.941866,-106.1628985
@leozuckermann Es el momento de SI involucrarse.  O estamos unidos o no estaremos,20.676652,-103.335882
@laa_bet Igual han de ser lindos no...,20.5845305,-87.346982
@elhierbasxD @ErikEscobedo20 @solsimona1889 @fersmichelle Puede haber otro buen samaritano? Se me antojÃ³ su sueÃ±o mÃ¡gicamente,21.048719,-87.0316645
ğŸš¨hoy arranca Grupo whatsapp vipğŸš¨ Aun hay espacios  Incluye âœ…Contenido diario (fotos y videos)  âœ…Interaccion hot âœ…Pack de bienvenida âœ…DinÃ¡mica Hot âœ…35 videos sin censura âœ…Videos nuevos e inÃ©ditos de regalo âœ…Premios Hot Pregunta por MD https://t.co/Zt0eAIfTDG,25.6417185,-100.2935915
@BitchPerfect_1 Y bien duro! ğŸ¤¤,25.6417185,-100.2935915
Comenzamos los lamentos del martes banda ğŸ˜­ğŸ˜­ğŸ˜­ğŸ˜­ğŸ˜­ğŸ¤£ğŸ¤£ğŸ¤£ğŸ¤£ğŸ¤£ğŸ¤£,20.592133,-103.348324
Un amigo se fue con su hijo a Disney y sentÃ­ poca madre verlos bien contentos â¤ï¸,19.328383,-99.15234
Mi papÃ¡ llega a la casa y pone deportes en todas las tv pero no se queda a ver ninguno ğŸ¥´,28.008597,-110.676221
Y siempre es lo mismo con los choferes de la ruta 85 la playa y nunca los sancionan @AnaMafud @karla_minaya @ady_cabriales,25.8057225,-100.640491
@RicardoBSalinas @bazsuperapp Por alguna razÃ³n no puedo recargar https://t.co/AbfguIQSBp,31.452274000000006,-106.568008
@mixbonodj A menos que tu seas la razÃ³n...,20.676652,-103.335882
@isr_alxo @diegoesc97 Y la perra seguÃ­a y seguÃ­a. Siento que ha de oler a cajÃ³n de viejita. https://t.co/grl74fOe6S,28.941866,-106.1628985
Rolita para ir a la trabajacion ğŸ¤‘ğŸ‘Œ https://t.co/HlJKExEfQg,16.742435500000003,-93.1396595
- Mis ojos me delatan siempre y de todo,19.2362445,-99.08179
@azalea_ovalle @brickmx @delfinagomeza @CansinoBio Â¡Claro que las  vacunas  son experimentales! Â¡InfÃ³rmate bien!,19.183953,-96.2293965
@NancyGrajedaM Saludos,19.318042,-99.2480095
Ya me vi #Diciembre @liveaquacancun en Glorieta NiÃ±os Heroes https://t.co/fZs5H5XZef,20.66721095,-103.36851912
"El legendario chicharrÃ³n de la Ramos, por fin se me hizo probarlo. ğŸ’•ğŸ· https://t.co/jDC2EJ7YE9",25.764703,-100.293314
Â¿SabÃ­as que no ganan sus tÃ­tulos sin ayuda?,19.328383,-99.15234
"Me propuse despertar a las 8 de la maÃ±ana, pero ya despertÃ© ğŸ˜”",21.849459000000003,-102.327207
Hoy da inicio el XXXII Congreso Internacional de Estudios Electorales  Coaliciones Electorales en AmÃ©rica Latina  de la @somee_mx  Consulta las actividades a desarrollar en: https://t.co/nrvT1NlDbH https://t.co/spUEIKjuTu,18.5934905,-88.3857435
@lavababa_ Si y no depende el POV,19.518656,-99.1158905
Si no es a ti a quien mas  molesto  con algo asÃ­???,22.270295,-97.916772
Que esperas para unirte a mi Grupo de WhatsApp Vip.   Aun tengo lugares pregunta por MD https://t.co/ysymgJhDkR,25.6417185,-100.2935915
"Ah pero la culpa es de Anlo y de su â€œmal gobiernoâ€, que incitÃ³ a la gente para que fueran...",19.56828,-99.0444445
@maximilianoyya @miembrodior Soy nacido en sinaloa se me distingue la vergona!,24.6624885,-107.3420565
@Mayyahuely Gracias amÃ©n.,18.933812,-99.260819
â€¼ï¸â€¼ï¸Promo ğŸ’‹ $600 hoy ven ğŸ˜ a verme... Ando ganosita ğŸ˜ˆ https://t.co/7Jsea5SU97,25.6417185,-100.2935915
@CCA810 te amo preciosağŸ¤¤ğŸ¤¤ğŸ¤¤ğŸ‘…ğŸ‘…ğŸ‘…,19.318042,-99.2480095
DescripciÃ³n grÃ¡fica del desastroso gobierno de Clau @RiveraVivanco_,19.0322295,-98.1542665
@macariomx @juanfherrero Correcto.,22.270295,-97.916772
"@alitomorenoc @PRI_Nacional @AccionNacional @PRDMexico @PRI_Nacional no le teman a Ã©l excremento MACUSPANO de @lopezobrador_, mandenlo a chspm, yo no confio en el pri, pero es hora de que USTEDES me hagan cambiar de opiniÃ³n... Haga lo que haga, diga lo que diga, amenace lo que tenga que amenazar, estaremos con USTEDES... pero ya.",25.8073145,-100.3652735
"@Prettycarol161 Wuauuuu no tenÃ­a el gusto y en verdad serÃ­a un placer poder conocerte, tenemos un grupo de WhatsApp donde somos puras parejas y chicas unicornio te gustarÃ­a entrar?",19.518656,-99.1158905
"QuÃ© se sentirÃ¡ que quieras ver una serie o un docufilme y te diga tu marido, pues bÃºscalo en youtube ahi es gratis. O esas de: No, yo tirÃ© la televisiÃ³n desde hace mÃ¡s de 20 aÃ±os y no voy a comprar otra, lo siento, mira youtube en la computadora. La computadorağŸ‘‡ğŸ¾ https://t.co/hvFxurxbjQ",31.452274000000006,-106.568008
"I'm at Unidad Deportiva Paseos del Sol in Zapopan, Jalisco https://t.co/5XVE26NSQU",20.63476655,-103.43207406
@CuentaMister No digas estupideces prefiero al barca que al madrid pero benzema es mucho mejor que depay,25.6766035,-100.196134
MÃ¡s mujeres beneficiadas con su #SalarioRosa para que lo ocupen en lo que a ellas mÃ¡s les hace Falta.,19.6970245,-98.8328625
Que ratero desgraciado,20.790657000000003,-103.4847745
"@INEYucatan SÃ³lo que llegas y no tienen sistemaâ€¦Col. MÃ©xico, larga fila esperando",20.941035,-89.62361100000003
@koirexx Lo hice para un regalo solamente.,19.328383,-99.15234
"Se construyeron fosas sÃ©pticas, bardas y la rehabilitaciÃ³n de las escuelas; ademÃ¡s del mejoramiento de las lÃ­neas de energÃ­as elÃ©ctrica #TecomatlÃ¡nEjemploDeDesarrollo https://t.co/nqpsN4mysv",20.1744365,-98.053888
"Jajajaja pinche inge mierda, que bien me cae.",25.3331755,-100.588311
Haz charcos! ğŸ§ğŸ¶â˜€ï¸ https://t.co/QYDD1rkS66,19.357257,-99.186596
@BonnieTru acabo de ver de quÃ© se trata lo de la cabeza en la Grama y no me habÃ­a dado cuenta que era una estatua en Avenida reforma...,19.432836,-99.153366
@LauraMex @kenialopezr TrÃ­o de chingonas!  Ellas si me representan,19.473794,-99.310428
"@GabyMeza8 Lo siento, no lo puedo evitar ğŸ˜‚ que pasades, y una locura hacer una nueva peli de  esto , cuando existe,  esto  (scary movie) todo un clÃ¡sico ğŸ‘ˆy ya ni miedo ni susto, solo risas carayyy ğŸ¤­ https://t.co/Mfg23MTT3s",19.318042,-99.2480095
Como que Lana Rhodes no toca eel piano? ğŸ¹ğŸ¹,19.4857835,-99.182126
Se le quiere mi futura doctora una de las mÃ¡s chingonas en su campo â˜ºï¸ y sobre todo excelente profesionista y tÃ­a.,19.183953,-96.2293965
"En el plan de LÃ³pez, la CFE no serÃ­a un monopolio, sino un monopsonio.",19.518656,-99.1158905
Agenda tu cita #nalgona #piernuda #25aÃ±o ayuden con su rt #atizapan #tlane #nicolasromero #tetona #nalgona #piernuda 38dd,19.5645875,-99.269192
"@escalalo @JessPichardo12 @chioreya Que te valga. No se saldrÃ¡n con la  suya y rso les arde. Si note gusta  pues cambiate de paÃ­s, AsÃ­ de simple.",19.199485,-99.208364
"Orale, me sigue un Desarrollador de Arkane studios.",24.6624885,-107.3420565
"Tener acceso a personas mÃ¡s inteligentes que tÃº es una bendiciÃ³n, no una amenaza.",28.941866,-106.1628985
Alguien para que me ponga icyhot en la espalda,28.941866,-106.1628985
"(hoy no mucho, pero pasable)",28.941866,-106.1628985
Asi las cosas.. hoy. https://t.co/AXDatlxTOy,25.6766035,-100.196134
@LiebeTheMinish Voy a tratar de mejorar eso,20.974213,-101.4484795
"Ay no, de las peores noches que he pasadooooo malditos moscos! Los odioooooğŸ˜ ",20.5226915,-100.772211
"â›° en Santiago, Nuevo Leon https://t.co/rXUraQbTmg",25.40051,-100.13442
@salvadorvm90 Una hermosura pana la neta,25.244223,-103.23313
Papasitos me encuentro disponible por el centro de Guadalajara hoy dando una cita de 3Ã—1ğŸ˜ˆğŸ‘‘ Valida de 1:00 a 3pm 3333086172 ğŸ¤­ https://t.co/0shmCuGU3j,20.838477,-103.6026365
Es triste pero desde los 10 ğŸ˜­ fue horrible porque no solo fue acoso!,19.518656,-99.1158905
@lopezdoriga @blackwi07655663 Todo eso pasa porque en la secretarÃ­a de Salud tenemos dos PolÃ­ticos cuando debÃ­an estar dos Doctores.,21.0254965,-101.250134
ğŸ‘ŠğŸ»ğŸ¤“ Creando sinergias con marcas socialmente sensibles con los que mÃ¡s ayudas necesitan.  Â¡Bravo @WellmedicHC ! https://t.co/izRULzLtSw,25.374897,-100.2794735
@LauraTamesV AsÃ­ estuvo mi dÃ­a y urge que termine Dulces sueÃ±os Lau ğŸ˜´,19.4299345,-99.2115105
@JucaNoticias @Sebasti92665696 Que siga con el mandato,19.432836,-99.153366
@LuluTurismoMx @lopezobrador_ @ABarloventoInfo Â¡Estaremos atentos a tu muy probable participaciÃ³n! Pregunta por nosotros ğŸ˜‰,20.7152745,-100.4405945
Tan fatÃ­dico que me dÃ­ un chingadazo en la frente con la impresora.,20.941035,-89.62361100000003
Amigos #runners aquÃ­ los buscan ğŸ‘‡,19.3427885,-99.050461
@ONLYGZUS @ManicomioRunner Te agradezco JesÃºsğŸ™ğŸ»va un fuerte abrazo ğŸ¤—ğŸ¤œğŸ¤›ğŸ‘Šâ˜€ï¸,19.318042,-99.2480095
Me quedo con tu valor â¤ï¸,25.736715,-100.270474
"Me costÃ³ dormir, pero lo logrÃ© sin embargo a las 2 de la madrugada mis pÃ¡jaros me levantaron, porque estaban aleteando muy feo, uno se estrellaba contra la jaula, contra el otro pÃ¡jaro, solo hacen eso cuando alguien se acerca demasiado",19.318042,-99.2480095
Tan mamador el entrevistado cÃ³mo el entrevistador.,21.09806,-101.601401
Acaba de publicar una foto en CZ Inmobiliaria y Constructora https://t.co/Odyb8e0Beb,19.029978,-98.1978
@Heidimetal74 @Barr0ca @darveras @EGE1099 @lolaandaluza @Mayala87764733 @clarsss7654321 @Mariocarabantes Gracias CapitÃ¡n saludos a Pizarrin !!!,21.09806,-101.601401
"Me: Dios, dame una seÃ±al  Diosito mandÃ¡ndome la seÃ±alâ€¦ https://t.co/1p62KJmXqI",19.328383,-99.15234
@beltrandelrio Extraordinario editorial Pascal. En resumen todo o que ha destruido LÃ³pez Obrador sin pruebas y lo prÃ¡cticamente nulo que ha comprobado o construido. En resumen es un gobierno de absoluta destrucciÃ³n y una desgracia para MÃ©xico.,19.54393300000001,-99.1642825
Trabajar en coordinaciÃ³n con los Ayuntamientos nos permitirÃ¡ cumplir los objetivos trazados por el Gobernador @omarfayad,20.336581,-98.2078105
Una felicitaciÃ³n al equipo mÃ¡s grande de MÃ©xico!!! ğŸ’ªğŸ½ğŸ’ªğŸ½,20.941035,-89.62361100000003
@brickmx Urge pa ahogar las penas o mÃ­nimo para sacarlas con canciones y un buen drink ğŸ’•,19.318042,-99.2480095
@MiguelAngelBris SabrÃ¡ que es de una sola naciÃ³n?,19.3427885,-99.050461
Estoy cada vez mÃ¡s feliz de trabajar los conceptos que yo quiero. https://t.co/S6e8VmwiUL,23.531956,-100.6151555
Es un chocomilk raza. https://t.co/3pE8Py6AeN,24.527279,-104.972053
Arbol de la vida ğŸ™ŒğŸ¼ https://t.co/ucsN7qCeEn,25.649781,-100.356081
@ClaudioXGG Sarmiento un perro de la derecha.,19.4299345,-99.2115105
"@adevaldes Siempre @astros ğŸ˜ğŸ¥°ğŸ˜˜,  @DiablosRojosMX y @clubtomateros",19.380613,-99.1614805
@sevillacritico Por cualquiera de los dos primeros. JamÃ¡s por Monreal.,20.9100115,-100.7761945
La Ãºnica utilidad de la astrologÃ­a es para escoger tu cloth en Saint Seiya de ahÃ­ en mÃ¡s nel.,21.849459000000003,-102.327207
@sargentoleon @yahirmusic en la casa @genteregiaoficial en Televisa Monterrey https://t.co/O9kLb0s6uN,25.6770183,-100.307635
"@karen_zarate08 Ya te mandÃ©, lo intentare de nuevo https://t.co/aye06r7HjI",20.536509,-97.4474945
"El riesgo de los clubes/Estado como el #Newcastle, los regÃ­menes violadores de derechos humanos se quieren limpiar la cara con el deporte, por @albertolati:  https://t.co/6nos1fAbKW",22.3111195,-100.955511
"@luis_gj A Elba Esther ya la defienden, a Hitler estÃ¡n en proceso",19.4857835,-99.182126
"SeÃ±oras y seÃ±ores, habemus Vive Latino 2022 ğŸ˜ğŸ˜ğŸ˜",19.432836,-99.153366
Que rico mayate me encontrÃ© ! ğŸ†ğŸ”¥ğŸ¥µğŸ˜‹ https://t.co/GFrLOZwuNb,31.452274000000006,-106.568008
@AhiAlemoran ğŸ‘‰yo merenguesğŸ‘ˆ,21.1168495,-103.7880865
No hay mejor cera ..que la que se enciende..fÃ³rmula made in macuspan MÃ©x.,19.380613,-99.1614805
"HSptm @iShop_Mixup devuÃ©lvanme el dinero o agilicen mi trÃ¡mite, parece que les estoy pidiendo gratis.",19.542054,-96.886083
@c_rmperez Excelente dÃ­a ... Dios te bendiga y te cuide ğŸ‘ğŸ¼,20.5440205,-101.0008885
"@trento666 DirÃ­a mi hermana Â¿Y con la maestrÃ­a y el doctorado vas a ganar mÃ¡s? Si no, no tiene caso... Yo seguÃ­ haciendo el posgrado en historia... Claro, ella gana mucho mÃ¡s siendo contadora pÃºblica.",32.332876500000005,-116.929102
@FestivalChin ğŸ˜‹Los chilitos se ven bien deli...,25.8073145,-100.3652735
Me encanta hasta donde he llegado https://t.co/SQt1NtphjO,21.402667,-87.0541055
"@SanCaReforma @CANCHAELNORTE @SDHuesca TrÃ¡iganlo para @TigresOficial, mira @M_Culebro este si era el bueno.",25.6766035,-100.196134
" Le voy a decir algo a pastor, a mÃ­ no me gusta la comida, a mÃ­ me gusta el chile  Yo: https://t.co/ygZjnhPjVn",16.289696,-92.1752655
Exacto ğŸ‘Œ,20.941035,-89.62361100000003
"Â¿Y ves?, ya es lunes, otra vez",19.318042,-99.2480095
Maravilloso este encuentro. #LaoALaTierra #ByungChulHan #literatura #calidad #vida #cuidado #Belleza https://t.co/ppBsyaDWdo,19.4857835,-99.182126
Lo Ãºnico bueno de la pandemia es que gracias a la vacunacion renove el ganado... Las filas fueron como mi Tinder ğŸ˜…ğŸ¤¤ https://t.co/mmTYYyn0EB,16.728328,-93.113112
"@Panchocaguamas0 @Clionautica Que perro tuitazo, me hizo el dÃ­a. Jajajaja",19.3740755,-99.3184285
@makobsaurio Que eres el Bob el Constructor de tu destino,25.6417185,-100.2935915
Les cae que 105 aÃ±os del AmÃ©rica?!?!? ğŸ˜±,19.542054,-96.886083
ğŸ“°ğŸš²Un camino sin marcha atras... Bicitekas de Hidalgo Vivas ğŸ‘‰  @gonzolibros mi columna Op Cit... https://t.co/A7xcK57zyI https://t.co/UvSXYJWDG4,19.3427885,-99.050461
Damos servicio de taxi en el edomex #TaxiSeguro! queremos mas seguidores y clientes x twitter #RT #CuautitlanIzcalli   #Edomex                                                                                                                                     @elcapitantigre,19.678076,-99.1634475
@OliviaMVZ @chioreya Jajaja la arrastra es otra,16.742435500000003,-93.1396595
"@rm1o Que solo los utilizan los gobiernos para discursos nacionalistas, pero en realidad son una sociedad muy marginada",20.676652,-103.335882
Primero los pobres.,20.790657000000003,-103.4847745
Amaneciendo con ojito malito ğŸ˜©ğŸ˜… pero con toda la actitud ğŸ‘ŠğŸ» https://t.co/oaVjmEdMky,19.2843215,-99.655676
@Fab_Nini1 @M2Cyndy @lopezobrador_ Mira quien habla @lopezobrador_ https://t.co/I33UNbEXdg,25.8073145,-100.3652735
ğŸ˜‚ğŸ˜‚ğŸ˜‚ğŸ˜‚ğŸ˜‚ muero de risa #medicaldoctor #plasticsurgery #medicalmemes en Elite Plastic Surgeon/CirugÃ­a PlÃ¡stica MÃ©xico https://t.co/1okVPyB1Yg,19.36859,-99.1736
@literlandweb1 Pensamiento muy profundo en torno a la Parca inconmovible! ğŸ¤”ğŸ¤”,25.6417185,-100.2935915
Estoy al borde del colapso,21.849459000000003,-102.327207
@lopezdoriga Y que va a poner de ejemplo? A su familia?,19.2843215,-99.655676
Por eso es bueno escuchar los videos completos Cuando los recortan como que se pierde el sentido de las cosas @juanczuniga @elmemonoriega @elalbertomedina @DianaKarinaBa @rquirrin @HectorfWoolfolk https://t.co/DiRywXBO0W,28.9698625,-111.498181
"SÃ© como el Ã¡rbol de sÃ¡ndalo, que perfuma hasta el hacha que lo hiere.  Tagore",25.778679,-100.1687175
Spooky vibe. en San NicolÃ¡s de los Garza https://t.co/jihZTQNSjG,25.7345,-100.2733
@ChukMartz @TigresFemenil @ChivasFemenil Guardalo bien...,25.6766035,-100.196134
"Atentos amigos de Sinaloa  y Mazatlan, a las indicaciones de  las cuentas oficiales como Conagua, Proteccion Civil Sinaloa. #0PaginasNoOficial https://t.co/4mHkx0IQG4",23.46814,-106.2717475
"@Casmad_ La sentencia electoral que mejor lo ilustra, es la que declarÃ³ la nulidad de una elecciÃ³n por violencia polÃ­tica.",19.4136875,-98.021925
@juanfractal22 Las Chivas entrenando. ğŸ˜„,16.9589495,-99.7356495
@liverpoolmexico estuve a punto de comprar un producto pensando que era el de las fotos! No jueguen asÃ­ conmigo! https://t.co/jk14vO3cnJ,19.4857835,-99.182126
Hola  @lamaspicuda949 votamos en su conteo #LasMasPicudas por #Positivo de @BANDA_MS gracias! CLUBâœ”HEXPERIENCIA_MS #MSTourPositivo,21.09806,-101.601401
"@Manepertegaz Pues insisto que hueva de seÃ±orâ€¦ yo no vi la groserÃ­a de ellas a Ã©l, pero pues el ego es muy cabron.",20.676652,-103.335882
@MilanTMN Como quieras! Pero un fracaso de refuerzo! Y si seguro en Milanello hay un problema! Pero este cuando se lastimÃ³? Entrenando con el equipo viernes y sÃ¡bado? No con la pretemporada que tuvo que hacer,19.4299345,-99.2115105
"@succeDani el millor, grÃ ciesâ¤ï¸",19.749553,-88.0134815
5 meses despuÃ©s ya quiero dejarte ir de mi mente y corazÃ³n,19.380613,-99.1614805
AsÃ­ mi #ChecoPerez desde la ciudad del 380 aquÃ­ se avienta lÃ¡mina papÃ¡ por tu vida!!! @MarcoAMR77,20.4070905,-103.206058
"@RMTOPETE Somos iguales mi rodri ya sabes ,  te amo bro!",25.921946500000004,-109.1037265
@alfredodelmazo #EdomÃ©x #SALARIOROSA La gente del EdomÃ©x se reconoce por su trabajo y esfuerzo hoy somos mÃ¡s mujeres emprendedoras #Huxquilucan hoy tiene la oportunidad del #SalarioRosa,19.473794,-99.310428
"Del choricuarto de gine/pedia del civil nuevo, no van a a estar hablando jajaja",20.676652,-103.335882
"Bolas, las consecuencias de andar agarrando chichis que no... no ğŸ¤·ğŸ»â€â™‚ï¸",20.790657000000003,-103.4847745
@mannyboyteddy @PRI_Nacional @FGRMexico @alitomorenoc @rubenmoreiravdz @alitomorenoc @PRI_Nacional #elPRIescagada,25.8073145,-100.3652735
@ledhummingbird Es terrible la desazÃ³n que deja todo esto. Lo que mÃ¡s me entristece es que hay muchas personas que estÃ¡n en la misma situaciÃ³n de precariedad y piensan lo contrario. Abrazo enorme desde acÃ¡.,19.0322295,-98.1542665
pasa algo si tomas un dÃ­a despuÃ©s de la segunda dosis?,21.048719,-87.0316645
@AdictosMx 0 dudas que debe ser el BBVA ğŸ¤·â€â™‚ï¸,24.6624885,-107.3420565
Esto se llama estar a la vanguardia,20.676652,-103.335882
@Ranielito Empleado del mes,19.4299345,-99.2115105
"Acaba de publicar una foto en Guadalajara, Jalisco https://t.co/ibWQPaSYB4",20.6667,-103.35
"@seafarerguy @ElBadiablo Dear, los sueÃ±os se hacen realidad y el detalle es tan asombroso que hay dos partes, https://t.co/NHa1oRFrze",19.432836,-99.153366
No te hagas la santa el perreo te encanta,18.3567945,-93.251014
Ganamos y pasamos a la final ğŸ¥ğŸ’ƒğŸ»âœ¨.,24.6624885,-107.3420565
"@IhemitaDeHuevo Mija, no me han entregado la mÃ­a... Te calmas ğŸ˜’",18.0219595,-92.9164995
"@DIP_IBERO_Pue muchas gracias!! Estoy muy contenta y agradecida!! Gracias a mi comitÃ© tutoral, @bnaranjoedu, @NoraHemi, mi familia y todas las personas que creen en mi!! #relaciÃ³n #docentes #competenciasemocionales #desgasteocupacional #ansiedad",19.0322295,-98.1542665
"Emponderemos a nuestras niÃ±as, enseÃ±Ã©mosles su derechos, y sigamos trabajando en leyes para que se conviertan en mujeres libres y con igualdad de gÃ©nero. #DiaInternacionalDeLaNiÃ±a #DignificandoALasFamilias https://t.co/uqqjqb78Fl",28.9698625,-111.498181
Dios! Que dÃ­a tan estresante  Creo que ya no alcanzo al grupo de maÃ±ana ğŸ¥²ğŸ˜¢,19.432836,-99.153366
"@DanielaRodrice @fuckkkkkbitttch Ni hagas caso, tu eres libre de seguir a quien quieras, tampoco puedes andar viendo follow por follow el hate que tiran las cuentas.  Si no les caes, pues que te bloqueen y ya, que dejen de estar chingando y haciendo berrinches estÃºpidos",20.7152745,-100.4405945
@irmoralesl Literalmente es aplicable lo de  el chivo en cristalerÃ­a .,17.3916575,-99.7241815
@PanxxxitoVG Esta genial donde la compraste,20.2125325,-96.8987215
Con paciencia pero con enfoque pues todo llega en su momento... ğŸ˜ŠğŸ™ğŸ»âœ¨  Â¡Excelente arranque de semana para tod@s! âš¡  #MPRND #YoSoyPro  #Actitud #Metas #frasesmotivadoras https://t.co/dTVpegSybh,20.478755,-100.439731
se sabe que siempre llegan a un acuerdo verbal ğŸ¤‘ğŸ¤‘ğŸ¤‘ğŸ¤‘ ğŸ¦·ğŸ¥©,20.540147,-99.6513435
"@lreynac Vaya manera de empezar semana, pero lo bueno es que ya casi es domingo ğŸ¤£ğŸ¤£, animo!!",25.6766035,-100.196134
@Tavodel1 Claro que Si!!!! ğŸ¤œğŸ»ğŸ¤›ğŸ¼,19.749553,-88.0134815
@ramon_aranza @Tamedamus @LigaBBVAFemenil @Sarela8 @Geo_Gonzalez No hay problema alguno mi Master.. Abrazo grande de regreso..!!! Saludos y Cantela Conmigo! Gente.. El Mejor de lo Mejor) lll,20.22289,-97.9939245
Acaba de publicar una foto en Estadio Universitario https://t.co/6XWZ7w2kV7,25.72280556,-100.31205556
Estaba feliz por el estreno de Amor en custodia y luego me acordÃ© que llegÃ³ a mi casa a mÃ¡s 5:30 ğŸ˜­,19.601414,-90.27714
"En la oficina saque la cafetera, la lave, puse el agua y todo, cuando el cafÃ© estuvo listo me di cuenta que no traÃ­a mi termo, y aquÃ­ escasean los vasos tÃ©rmicos.",28.493416,-100.6193395
Los problemas no son tan grandes. Â¿Ves?,19.6415715,-99.3911885
Todo depende del cristal con que se mire. en Plaza de las Tres Culturas https://t.co/YgojCkaXhv,19.451667,-99.136111
Alguna pareja o chica sola por estos rumbos para armar algo !!,19.5742775,-99.2200445
"Nunca se conformen chicas, 2020 en adelante. https://t.co/WS5NFL6h3a",25.6417185,-100.2935915
Alumnos que abrazan a la distancia ğŸ¥º https://t.co/lDO9R1FRJU,19.518656,-99.1158905
"AmaneciÃ³ muy fresco el Rancho Grande, a 16 grados.",20.676652,-103.335882
@IsaaOrtt Negros running y nos vamos a correr ğŸ™‹ğŸ»â€â™€ï¸,18.945956,-99.565185
"Todo el apoyo @SoyKarinaBarron, y que les quede claro, #Monterrey y #NvoLeÃ³n, son muchÃ­simo mÃ¡s grandes que el apellido de un alcalde sin trayectoria y tampoco son de su propiedad...  #KarinaContigo",25.6417185,-100.2935915
"@Gaby_AgG6 La mejor ğŸ’• y la mejor guardia que hemos tenido hasta el momento ğŸ™ŒğŸ» Te quiero un montÃ³n, comare",23.9541625,-104.837578
"En ocaciones se  nos olvida que somos instantes y que el maÃ±ana, no es una promesa para nadie...",21.849459000000003,-102.327207
Cerrado por falta de recursos. https://t.co/UMzUxAdFuB,19.432836,-99.153366
@AreliPaz @lopezobrador_ A hacer el ridÃ­culo,19.0322295,-98.1542665
@itzelitayop @MasterPirataCoC @GuisadoLydia @ZolokOficial @delirioazul84 @Style_coc @STARs_coc_ @galaxy0898 @SrtaMaverick @Sockers_ @RomeoiA7 Ya somos 2 que aman el cafÃ© ğŸ¤˜ğŸ½,21.048719,-87.0316645
â€œEscrÃ­bele una carta y te sentirÃ¡s mejorâ€ ya le escribÃ­ todo el antiguo testamento y aÃºn no puedo cerrar con esto.,19.326146,-99.6050475
"@Sanchez_Arely Sabes que con esta hermosura de detalle me acabas de hacer la semana, mi Arely bonita???  Te amo y extraÃ±o muchÃ­simo ğŸ¤©ğŸ’",19.328383,-99.15234
"Siempre que escucho Avicii me entristece su muerte, era muy bueno. ğŸ˜©",19.652724,-101.27577
"@Nyna_glezz Hola  nyna  te ves perfecta k bonitos lentes ,buenas  noches https://t.co/Lfy70kBUmA",25.244223,-103.23313
"Yo sigo recordando tu carita acercÃ¡ndose a mi pecho, tu abriendo mis manos, exigiendo un abrazo.â˜”ï¸",23.6254185,-102.5580375
Muy buenos dÃ­as familia cochilonga ya estamos en servicio desde nuestra nueva sucursal en la riviera veracruzana contactanos al WhatsApp 2291030036 o ven a degustar. Unos ricos tacos de cochinita pibil https://t.co/HQQu0N1oj5,19.06209373,-96.07465963
@myigatwastaken no van a soportar las de mi rancho https://t.co/ypWTodCtTu,20.7152745,-100.4405945
@MariettoPonce @LillyTellez Relevante? Es una payasa y traidora!,20.790657000000003,-103.4847745
Ministro Borracho Hasta la madre No podÃ­a ni hablar No podÃ­a caminar Lo dejaron Dormir Por 2 horas Evade el Torito Charoleando Y quiere meter a la CÃ¡rcel Al oficial que lo detuvo,19.56828,-99.0444445
"@tenerifeend Es que no se puede compartir todo, solo uno sabe lo que se siente y la razÃ³n",19.0322295,-98.1542665
9 de nov. Seguro el oso de oro al seÃ±or en la ONU. listos.,19.380613,-99.1614805
"@MarcoBo14299061 GeneraciÃ³n, y como la tramites desde el sureste al resto del paÃ­s?",25.3331755,-100.588311
@DesireeNavarro @MariettoPonce Esa rara combinaciÃ³n del rojo con el azul tan incompatible como el agua y el aceite solo refleja esa obsesiÃ³n del poder por el poder. La conducciÃ³n de este paÃ­s debe estar dirigida por una ciudadanÃ­a pensante no un puÃ±ado de hombres de dudosa honorabilidad.,28.774769,-100.6071045
QuÃ© lujo que regrese Bajo el Cielo de Leningrado.  Uno de los textos mÃ¡s hermosos que he visto y que hoy resuena mÃ¡s que nunca.  Bravo  @danielbrtn @AssiraA y toda la compaÃ±Ã­a. Gracias #lulyrede por retomarlo.  EnhorabuenaÂ  @dram1234   Â¡Vayan! Lunes 8pm Foro La Gruta @Helenico https://t.co/A45yhcVJSe,19.353093,-99.190111
@______Patti Golosa! https://t.co/ZA17MYwqXt,20.941035,-89.62361100000003
Acaba de publicar una foto en Teatro Ignacio LÃ³pez Tarso https://t.co/sYorBNS6Mf,19.3453899,-99.19015
Nunca decepciones a alguien que harÃ­a cualquier cosa por ti,20.7152745,-100.4405945
Quiero sexâ€¦ ğŸ˜†ğŸ˜†ğŸ˜†,18.84346,-97.1455735
"@memosomething @disneyplusla Lo sÃ©, lo sÃ©",17.090319,-96.7250025
@JosCamA3 @VotoCatolicoMex @PRISCILA_ANGEL1 @MujerCatolic @Arggentum @AleDiener @EVerastegui @Liz_GarridoS @JUVIoficial @menemarvan @REDLideresC Ambas cosas son necesarias. Ora et labora. Pero sÃ­ urge que los catÃ³licos despierten y no tengan miedo de manifestar su Fe.,18.886686500000003,-99.1686505
@axelsound09 AsÃ­ en mayÃºsculas me reÃ­. ğŸ¤·ğŸ»â€â™€ï¸,31.452274000000006,-106.568008
"â€œPamelaâ€ se tenÃ­a que llamar el huracÃ¡n, siempre hacen lo que les da la gana ğŸ˜®â€ğŸ’¨",24.6624885,-107.3420565
MiÃ©rcoles de tianguis  MaÃ±ana estarÃ© solita pero hay convivencia a un mega precio Solo con depÃ³sito pide inf  Recuerda es en mi ğŸ¡ cerca del metro peÃ±on viejo https://t.co/cvKPcPHeNM,19.3427885,-99.050461
"El colonialismo sigue bien vigente -- en la explotaciÃ³n del territorio, en la apropiaciÃ³n cultural, en la violencia racista y patriarcal y en la represiÃ³n de las cosmovisiones de los pueblos originarios.   Â¡Abajo con el colonialismo!   #12Oct   https://t.co/aXmkcATnCa  @SumOfUs",20.489709,-103.407581
"@ToxiquePremier @JorgeHoffer La ridicula que le aventÃ³ los perros a dr Veneno ayer, hoy muy lisiota, me aventÃ³ fuckys y saco del space âœŠğŸ¼",20.676652,-103.335882
@MarianaVDL @TuzosFemenil @PumasMXFemenil @ChivasFemenil @AmericaFemenil Saludos y ya estoy ahÃ­ en Fox en esta doble cartelera,19.328383,-99.15234
@luaaa_alva Mi madre trabaja con varios cirujanos y tengo un primo cirujano. Hablo con conocimiento de causa y ojo nunca dije q a los q van entrenado ya les sueltan el bisturÃ­. Todo es parte de un proceso. Pero aquÃ­ el tema es Samuel y la rata de palacio nacional que no tiene licenciatura,25.6766035,-100.196134
@yo_missantropic Eso ya es un problema renal.,19.4299345,-99.2115105
@arturoangel20 Lozoya es un testigo colaborador y lo que ocurriÃ³ en audiencia es congruente con tal carÃ¡cter. Porque va a colaborar si no va a obtener algunos beneficios?,19.873643,-97.36012
#SalarioRosa reconociendo el gran esfuerzo de las mujeres mexiquenses,20.019439,-99.585473
#MinutoaMinuto. Desciende a 610 los casos activos de COVID-19 en Oaxaca: @SSO_GobOax. @buho_botero @cnolasco064 @GobOax  https://t.co/k5v7lpm6au https://t.co/RyLbRxICb1,16.448559,-95.3794245
"@El_Universal_Mx @lopezobrador_ Si el  pinche presidente  destruyÃ³ el sistema nacional de vacunaciÃ³n, ahora pregunta cÃ³mo? Es un IDIOTA.",19.380613,-99.1614805
@sevillaflo @Chivas Saludos Beto,20.790657000000003,-103.4847745
"Recuerditos, encontrados en algÃºn sitio de algÃºn lugar. https://t.co/RtnIZDyCtn",20.941035,-89.62361100000003
Pero el dÃ­a estÃ¡ bien kermoso â˜€ï¸,32.332876500000005,-116.929102
Pinche gripe solo xq ya se que me acaban de poner la segunda dosis de Pfizer pero yo jurarÃ­a que me diÃ³ covid19 Me duele hasta la lengua no mamen,20.941035,-89.62361100000003
"@bekymartinez1 @Milenio Hubiera sido genial que lo hicieran desde el 2006, o es mÃ¡s en todas las manifestaciones donde destruyen negocios y hacen puntas.",28.941866,-106.1628985
"@jrisco @Reforma Pero el enfermo mental @lopezobrador_ calla ante semejante atrocidad.   AquÃ­ es donde debe hacer su trabajo @RosarioPiedraIb @CNDH y no de andar como vocera fanÃ¡tica de ocurrencias de su amo.   Ante esto, quÃ© hacen @senadomexicano @Mx_Diputados",23.6254185,-102.5580375
@mmmmaely Jaja oye quiero el que bien se ven juntos por primera vez en la vida ğŸ˜‚,25.558993,-97.547392
Que ya estÃ¡n por abrir la frontera? ğŸ‘€,16.9589495,-99.7356495
@Paosassolove @pao_sasso EstÃ¡s hermosÃ­sima mi amor y muy buenos dÃ­as amiga.,22.8468515,-99.329295
Kaiser con un +4 en la Ãºltima barra. Volvio el maldito.,20.673542,-101.3403935
@beatriz_lamv Yo la veo en todas las redes y no contesta mis llamados ğŸ¥´,20.790657000000003,-103.4847745
"Muy padre lugar, se los recomiendo #casapadremier https://t.co/G4jeGMJdeS",25.8057225,-100.640491
Send taquitos ğŸ˜­,25.7484865,-99.9498315
"Si vas a envejecer,  que sea con estilo y  no tan comÃºn, hoy da lo mejor de ti! . . . . . #martes  #entreno #octubre #constancia #pasionporeldeporte  #vejez en Army Gym https://t.co/pOh8dZdo2j",19.39812361,-98.9891434
La realidad del #AmloElFracasoPresidencial,19.713749,-99.3085765
@MarcoBo14299061 @Cabronesio Gracias al Presidente #LOPEZOBRADOR.. Defendiendo con todo a la PATRIA https://t.co/p7Gug4MQUK,18.175748,-92.9447745
"I'm at Instituto TecnolÃ³gico de Ciudad Madero in Ciudad Madero, TAMPS https://t.co/Hz317WIEz9",22.25522072,-97.8484869
Y no me estoy quejando,25.6502875,-100.366033
"A veces la gente no tiene para comprar carros con  mayor seguridad , y no estÃ¡ mal...",25.778679,-100.1687175
Eso de andar mendigando amistad ya no me queda asÃ­ que si me hablan bien si no pues Alv,18.7718455,-96.2065065
Quisiera meter promos chingonas pero mis clientas caribeÃ±as se van a infartar ğŸ¤£ğŸ¤£ğŸ¤£,18.856709,-97.112844
Que Fantasia,25.374897,-100.2794735
"Los invito a leer este artÃ­culo derivado de una entrevista que me hicieron para @SoyHomosensual !  A pesar de que la pandemia de VIH tiene 2/3 de los casos en heterosexuales de Africa subsahariana, en el resto del mundo los casos se centran en poblaciÃ³n LGBT.  Por quÃ©?",19.432836,-99.153366
Ni cuÃ¡ndo me voy de #vacaciones despierto tarde ğŸ˜«,19.399101,-99.096496
Esas si son negociaciones chingonas ğŸ˜ CardiologyÃ—OncologyğŸ«€ https://t.co/7e1wThne1m,19.183953,-96.2293965
@BrenisUlises Buenos dÃ­as excelente inicio de semana abrazos para el hombre mas guapÃ­simo,19.6562895,-99.233657
"Por eso no me voy de mi MÃ©xico lindo y querido, ademÃ¡s de mi linda y chula Puebla",19.0322295,-98.1542665
Dame al menos el tiempo de despedirmeâ€¦,19.1431005,-96.0989905
Ya vieron esta obra de arte?? ğŸ˜»,25.6417185,-100.2935915
Con grandes personas firmando parte de esta historia que transformarÃ¡ el mundo.  @tiempodecannabis @zvezda_lauric_  @jiangsuwongpec  @midi_2026  @servin28 @hugoalvarez_cann en TV Azteca MÃ©xico https://t.co/9JfqlEEArs,19.30562746,-99.2102149
@Campechame42 Una de mis fotos favoritas. Estuvimos tan cerca en 2019 ğŸ˜ª https://t.co/QiL0g0lvEN,21.09806,-101.601401
"@PatriciooMolina Las edita Bruno las fotos, ya que el se encarga de eso ğŸ™ˆ",20.941035,-89.62361100000003
Lo que es â€¦. ğŸ‘Ÿ https://t.co/vnHC9eIDNU,32.332876500000005,-116.929102
Muchas gracias a los todos los participantes del concurso â€œFELICITA A TU ESCUELAâ€ Los ganadores son: 1er Lugar * HERRERA ACOSTA SHANTY  de  1Â° LEI. 2do Lugar * TEH LOPEZ REYNA  de 3Â° LEPIEIB. https://t.co/W2UHSzAJVc,20.941035,-89.62361100000003
@cera_mane TÃº dime cuando tienes chance,20.592133,-103.348324
Me quedo con quien me trae paz cuando estoy en guerra conmigo mismo. ğŸ¤,19.4556475,-96.7223325
"@acarrizales_ @GobiernoMX @lopezobrador_ @GasBienestar_MX Oye y los millones de USD que Bimbo, Oxxo y Walmart que invirtieron en sus propias plantas de luz justo para pagar menos, porque no los mencionan? Ah porquÃ© se quieren robar esas inversiones verdad? Y es bien fÃ¡cil mentir",19.380613,-99.1614805
Y entonces porque no apoyaste al PRIAN?,19.4320755,-99.087817
Buenas patrÃ³n!!! Ya vio que le hicieron su estatua al buen Sax de la maldita  #ViveLatinoEnConvoy,19.4857835,-99.182126
Amigos que te alegran las maÃ±anas ğŸ¥°ğŸ™ğŸ» @robbwong te quiero HARTO https://t.co/SXlnASsMGr,19.5645875,-99.269192
ğŸ˜‚ğŸ˜‚ğŸ˜‚ uyyy tan cierto,20.0537185,-98.7155595
@DDLGFoxBunny .....asÃ­ de tierna te imagino,25.8365675,-98.36253100000002
Cuando haga un ğŸ” 10 de Ozzy seguramente estarÃ¡ entre los primeros lugares: https://t.co/imo5A707KY,19.380613,-99.1614805
Can you see the F U in my face? ğŸ¤ª  Buenos dÃ­as â˜€ï¸ #BuenosDias #goodmorning #diade #MartesDeGanarSeguidores #martes #tuesdaymotivations #TuesdayFeeling https://t.co/J4HHrFSz79,23.269879,-109.7662685
Ãºltimamente despertar y existir pesa mucho,22.606039000000003,-98.8030405
"@SLPMunicipio @ServMpalSLP @Alumbrado_Mpal @EF_Galindo @ChristianAzuAzu PodrÃ­an atender MuÃ±oz-Vasco? Desde Charro Mexicano hasta Calle 8, y el Deprimido HernÃ¡n CortÃ©s tambiÃ©n?",22.3111195,-100.955511
"@el_aguila_ciega @mas_lucha @MtzEntertaiment @laparktapia @Hijodelapark1 @hijodewagner Claro diva algo que ud nunca serÃ¡ en su patÃ©tica life y en Jalisco solo se Dan personas comoFutbolistas  , Mariachis &amp; Homosexualismos â€¦ me imagino que uno de esos por quÃ© como chingas mejor atiende a tu Fam",19.3427885,-99.050461
"Por muchos aÃ±os varios estados estuvieron postrados. La pobreza se agudizÃ³ por la corrupciÃ³n alentada desde el centro. y al final Â¿Quien paga las cuentas? La ciudadanÃ­a que tiene malos servicios, que no tiene acceso a buenas prestaciones sociales.",25.6417185,-100.2935915
#ÃšltimaHorağŸš¨ | ğŸ”´ğŸ’‰ Juez ordena al Gobierno de MÃ©xico vacunar a todos los menores de 12 a 17 aÃ±os contra el Covid-19.  https://t.co/qy3Ox8WWDn,18.933812,-99.260819
"@_BBeeaatriz Ve a las Galerias lafayette, hace varios aÃ±os tenian un elevador antiguo pero funcional esta muy bonito el edificio jaja y su usas metro mega cuida tus cosas ğŸ˜‚",23.685934,-99.187904
"@Pepe_Ludo Mi padre queridoâ€¦ puede romperme o ponerme a verlo jugar por horas sus videojuegosâ€¦ como Dulce: Que haga conmigo lo que quiera: reina, esclava o mujer https://t.co/IHyq5mG9N4",18.0219595,-92.9164995
"â€œLas mejores conquistas de almas que he logrado, las he conseguido por medio del rezo devoto del Santo Rosarioâ€.  - San Antonio MarÃ­a Clarett",17.706791000000006,-94.3909125
Que sea un buen lunes para todos âœŒ a darle ğŸ’ª,20.130287,-98.3604
"Wey, amo como las organizaciones federales e internacionales hacen requisiciones de cotizaciones, todo tan ordenado y claro ğŸ¥º con contratos e itinerarios, ya lo extraÃ±aba. Los amo siempre.",16.289696,-92.1752655
Ya estoy viendo #AmorEnCustodia  ğŸ˜­ğŸ˜­ğŸ˜­ me trae muchÃ­simos recuerdos con mi papÃ¡ ğŸ˜­ğŸ˜­ğŸ˜­ el no la termino de ver,19.432722,-99.0170165
"@PMigoya Mira Pao, no sÃ© si eres, pretendes o te haces. Te explico: todo sistema no es infalible, y es operado por personas, entonces, dependerÃ¡ de esas personas que funcione para bien o mal en su Estado @aga10mx @FcoXMG",19.199485,-99.208364
"ğŸŸ¢ Inicia el Panel 2: â€œExperiencias internacionales en el desarrollo de las islasâ€, moderado por el Senador @HVasconcelos_. #ForoIslas https://t.co/lgWy0nvBMm",19.432404,-99.157996
#Portadas Las portadas de la prensa local hoy destacan las polÃ©micas fotos de #Lozoya; un reportaje sobre el empleo informal de menores y adultos mayores en #YucalpetÃ©n y las cifras de suicidio en YucatÃ¡n mÃ¡s el llamado de la @OPSOMSMexico a atender la salud mental.  #JPenFÃ³rmula https://t.co/00tdYfwBQk,20.941035,-89.62361100000003
"Sobrevivo en #Torreon 11 meses del aÃ±o, con la ilusiÃ³n y esperanza de llegar a octubre ğŸ–¤ las tardes/noches son perfectas.",25.244223,-103.23313
A darle que ya es ombligo de la semana https://t.co/Ic0USbs24w,19.4556475,-96.7223325
Y una empresa que no les paga lo que debe.,19.3427885,-99.050461
"ğŸ¥µ (@ Lounge Socios MDC in Solidaridad, Quintana Roo) https://t.co/InTSVdT9iw",20.586687,-87.11015
"@hdemauleon Hay una expresiÃ³n que me gusta que indica temporalidad en una situacion muy especÃ­fica me dice.   Me esperas aquÃ­, y cuando veas un rosario de mujeres pasar al templo te vienes a buscarme .",20.676652,-103.335882
@callodehacha Nimfuno que la ley se aplique y ya. Te faltÃ³ la opciÃ³nque pagen x ratas,19.380613,-99.1614805
"@AzitaKhalifa Jueputa, un libro en Illustrator. *Shudders*",23.269879,-109.7662685
Hola @idgruperaofi votamos por #Positivo de @BANDA_MS en #Las20PatronasIDG  gracias. APOYA CLUBâœ”HEXPERIENCIA_MS #MSTourPositivo,21.09806,-101.601401
@VamosCAzul @aczino La banda del campeÃ³n.. ğŸ‡²ğŸ‡½ğŸ¤™ğŸ»ğŸ’¯ğŸ”µâšªğŸ”´,19.518656,-99.1158905
"@pamnezh Pues que se puede esperar... Digo, no soy de cÃ³mics pero aÃºn asÃ­. Que hueva crear cosas con tal de encajar en las ideas de algunos",18.0219595,-92.9164995
Igual en la universidad (posdata el de la gorra se parece a Maztersito). en Cobra Kai Store. https://t.co/mbtRWfXRoc,19.43338,-99.1411
"Hoy fue un domingoâ€¦ maravilloso el hechizo se rompiÃ³ , volvÃ­ a emocionarmeâ€¦ Gracias vidaâ€¦",19.022994,-98.308599
"Sin pedos hay canciones que tienen algÃºn tipo de droga, no es normal que vuelvan tan loco a uno",19.183953,-96.2293965
"A partir de las 11:00 am iniciaremos la vacunaciÃ³n 2as dosis 40-49 en la #Fenadu.   La vacuna y las medidas de seguridad en salud nos protegen del virus, invitamos a todas y todos a vacunarse y seguir las recomendaciones.   #UnidosSaldremosAdelante",23.9541625,-104.837578
@Luchitovazquez Jajajajaja querer es poder ğŸ‘,20.9208085,-101.786561
La 4TenSenado tiene a niÃ±os con CA. De rodillas!ğŸ¤¬ğŸ¤¬ğŸ¤¬ğŸ¤¬ğŸ¤¬ğŸ¤¬ğŸ¤¬ğŸ¤¬ https://t.co/iCB0Gk5Ivm,19.380613,-99.1614805
"@eseauto @Alex80737461 Por un lado tenemos un Tim Drake LGBT, por otro Jon Kent LGBT, luego New Warriors en Marvel como Safe space y Snowflake...  No veo un  Dark Knight Returns , ni siquiera un Court of Owls...dime tÃº, dÃ³nde busco? No creo que ni tÃº sepas y ya te conformaste con  representatividad .",19.518656,-99.1158905
Y no falta el gandalla que tiene mÃ¡s de 10 artÃ­culos hdsptm,20.941035,-89.62361100000003
"Me he baÃ±ado todos los dias para ver a este hombre, no se que otra prueba de amor quiere ğŸ˜ğŸ¤·ğŸ»â€â™€ï¸ https://t.co/kauBzbjRWY",22.3111195,-100.955511
@A_ausdenRuthen @lopezobrador_ @lopezobrador_ es el asquito de esperanza,17.706791000000006,-94.3909125
"@Milenio Puras estupideces de este gobierno, somos su burla carajo",19.0322295,-98.1542665
"@VentaneandoUno Gran actor,  mi mÃ¡s sentido pÃ©same",19.4320755,-99.087817
Quiero helado!!!! ğŸ¥º,19.0322295,-98.1542665
@x_9758 @jflp_ Que precio tienen ambos?,20.676652,-103.335882
"Macario Santos, quien dirige la CAEV en Tantoyuca ha privado del servicio de agua potable a mÃ¡s de la mitad de la poblaciÃ³n del municipio. Exigimos se restablezca el servicio #TantoyucaSinAgua",19.542054,-96.886083
@CentralFM_ @senadomexicano @XochitlGalvez Es  no obedecer ciegamente,19.432836,-99.153366
ğŸŸ¢ Los #mexicanos opinan sobre la despenalizaciÃ³n del #aborto  - - #abortolegal #proaborto #provida #mexico #feminismo #encuestas https://t.co/7M5YdfAGFP,23.6254185,-102.5580375
ChingoÃ±a la rolita #RosarioTijeras3 ğŸ¶,32.332876500000005,-116.929102
"Pero un chingo de fotos que me gustan que no he subido, pero es que tampoco quiero subirlas todas de golpe.",18.135455,-94.432482
@Salazar09065787 Pero con ese platano no yo q ver ese pedasote,31.452274000000006,-106.568008
@dany11__ En Alvarado Veracruz,19.4299345,-99.2115105
@LuisMar58561028 Seguramente se les cayÃ³ de cabeza cuando naciÃ³.,20.5226915,-100.772211
AtenciÃ³n #cdmx dos nuevas fechas las de @JSELMusical y los boletos estÃ¡n en @Ticketmaster_Me es oportunidad de ver a @Sargentoleon  cÃ³mo MarÃ­a Magdalena con @iambetocuevas y @yahirmusic @leodelozanne @KalimbaMX @erikrubin y @enriqueguzman https://t.co/rIcRsB6OG8,19.542054,-96.886083
"Un honor haber recibido este nombramiento oficial de manos de la Dra. Egla Cornelio Landero, Secretaria de EducaciÃ³n en Tabasco.   Estoy entusiasmada de iniciar esta etapa con un equipo tan comprometido con el talento y potencial de la juventud tabasqueÃ±a. Â¡Vamos con todo! https://t.co/vGkiHxVnm2",18.0219595,-92.9164995
"Ha generado tanta expectativa la #VentadeGarage #DosEnelÃrea, que pensamos dividirla en dos dÃ­as: sÃ¡bado para los artÃ­culos deportivos y domingo para libros y discos como esta joya de John Lee Hooker y Canned Heat. https://t.co/T21SX8jCjE",19.0322295,-98.1542665
Disfrutando del hueso,19.4299345,-99.2115105
@SoyLadyCorrales Al Harvard de nuestros corazones â™¥ï¸ Inge https://t.co/InWVSgBOwT,20.790657000000003,-103.4847745
@KarlaaMejia Ladra?,20.1056375,-98.775808
"A mi lado,en el metro,viene una seÃ±ora con su hija, las dos sin cubrebocas y hable que hable. AsÃ­ la inconsciencia de su madre, exponer a su hija al contagio. Â¡QuÃ© irresponsable!",19.432836,-99.153366
Entrega de materiales para la construcciÃ³n bloques tepezil. https://t.co/ApM3Dy1lnC,19.137042,-96.125666
Soy juchipilense un pueblo que trabaja juntos para llegar lejos https://t.co/ps2EzHvVFR,21.378623500000003,-103.114956
Vivaaerobus: disfruta de viajar desde 149$ (a la paz). Aparece el + TUA de 700$ ğŸ™ƒ,20.790657000000003,-103.4847745
@DiariodeMorelos https://t.co/Gunj3RsrqV resulta que anda gente vendiendo esos dispositivos bloqueadores de seÃ±al con todo el descaro del planeta y me pregunto por quÃ© nadie investiga?,18.811717,-99.1828615
@julioastillero @monerorape Te sabes la receta? ğŸ˜†ğŸ˜†,25.6417185,-100.2935915
"@lopezdoriga Por una NUEVA CONSTITUCIÃ“N. Convoquen Congreso Constituyente.  No hacerlo es seguir en lo mismo, que siga respondiwndo al neoliberalismo.",18.0219595,-92.9164995
"Tiene razÃ³n mi bebe @carolamiografia desde hace meses se le veÃ­a lo inventada a kilometros, tengo q hacerle caso a tu poder satanico cuando me adviertas bebe ğŸ¥°",19.518656,-99.1158905
@Gorgonita_ Berreando con la manga llena de mocos,20.790657000000003,-103.4847745
Tienen 3 meses diciendo â€œya no va aparecer ese cargoâ€ me niego a pagar esos 149 pesos de HBO que NO ME INTERESA Y NO USO @Telmex,20.6970525,-105.1485805
"Escribamos sobre nuestro pasado, para entender nuestro presente y mejorar nuestro futuro.  Mejoremos y aprendamos de nuestros errores.",20.790657000000003,-103.4847745
"En Nogales, Rafaguearon una vivienda , ubicada en la calle Amazonas, de la colonia Esperanza. #Balaceras  #Nogales https://t.co/DuEFBUD8Mn",28.9698625,-111.498181
@susycuerna1 Que ricas y buenas noches,19.3427885,-99.050461
"Siento que a la sirena la estÃ¡n editando bien mala onda y odiosa la neta, porque en los vÃ­deos que he visto de ella es bien linda y amena #LMD4",20.941035,-89.62361100000003
#LopezElPeorPresidenteDelMundo ğŸ¤®ğŸ¤®ğŸ¤®,19.518656,-99.1158905
@SandraP56475909 Quisiera q descansaras en mi pecho,19.380613,-99.1614805
@JRuizS5 @ManuelBartlett @Irma_Sandoval @rocionahle @PartidoMorenaMx Panistas al borde del rompimiento por tanta corrupciÃ³n de Anaya y Narko CortÃ©s ğŸ¤£ğŸ¤£ğŸ¤£ğŸ¤£ğŸ˜‰  https://t.co/nnSkAuG5WB,19.54393300000001,-99.1642825
Suscribo..,21.114418,-105.077117
Me siento personalmente ofendido por esto ya que Pluto es mi favorita de BjÃ¶rk.,19.318042,-99.2480095
@LamemeNarciso La MÃ¡s Anunciada,19.432836,-99.153366
"Que quede claro que cuando estoy optimista y digo â€œdejemos que las cosas se vayan dandoâ€, me estoy refiriendo a las tuyas contra las mÃ­as   ğŸ˜ˆğŸ˜…",19.432836,-99.153366
"@VanHugh2010 Muchas gracias, te acabas de ganar un fin de semana de sexo guarro, sucio, grosero, asqueroso, fuerte, placentero...sin limite",25.778679,-100.1687175
@LuisDayo_ Ã‘ooooo... EstÃ¡ bien me las voy a comer!!! ğŸ¥•ğŸ¥‘ğŸ«‘ğŸ¥”ğŸŒ½ğŸ¥¦,19.328383,-99.15234
@Mayte_Gorocica Feliz cumpleaÃ±os bby que tengas un excelente dÃ­a lleno de bendiciones,18.5934905,-88.3857435
@danielahzuniga Gracias preciosa ğŸ˜˜,25.244223,-103.23313
"Hoy he venido a decirte lo que siento, Mami.  Y expresarte todo mi sentimientos Mami. Quiero que sepas que siempre me haces feliz, Mami.  Una canciÃ³n no es suficiente pa' decir",20.676652,-103.335882
Ya checaste el programa de hoy? Alejandra Heras con el tema Inteligencia Emocional.,28.9698625,-111.498181
Al pendiente estas que te piensas comer todo lo que yo ya toque ğŸ˜ŒğŸ¤­ğŸ˜ğŸ˜‹ no le basto con los otros 2 que ya agrego y se comiÃ³ğŸ¤£ğŸ˜‚,20.6970525,-105.1485805
Me recomiendan contratar @StarPlusLA ?,20.790657000000003,-103.4847745
"#TecomatlÃ¡nEjemploDeDesarrollo Se llevÃ³ a cabo la construcciÃ³n de la barda perimetral en la Escuela Primaria Miguel Hidalgo en TecomatlÃ¡n con la inversiÃ³n de $ 500,000.00 pesos. https://t.co/uq0WHCSNXG",19.0322295,-98.1542665
Entrar a almacÃ©n a procesar es activar mis alergias al 1000 y estornudar cada segundo ğŸ˜,19.318042,-99.2480095
@GOrtizcomposer @OnceNoticiasTV MuchÃ­simas gracias! ğŸ¼,19.199485,-99.208364
"De seguro serÃ¡ algun  derechancro sociopata ,  ellos atacan todo lo que es bueno, son opositores oscuros y compulsivos, esa es su esencia. Alguien sin conciencia social y con mucho odio y resentimiento por nuestra gente. https://t.co/7Dffb4LyQ6",19.432836,-99.153366
"#Martes No, Ã©l no te decepcionÃ³... https://t.co/s6qxO81IqB",21.0254965,-101.250134
@JesusRCuevas Los capitalistas rapazez ke sÃ³lo chupan la ekonomia de loz siudadanoz buenoz i no dan nada al govierno de LÃ³pezâ€¦,19.199485,-99.208364
"Futuras mamÃ¡s, tomen Ã¡cido fÃ³lico porfa, para que sus hijos en el futuro cuando manejen en una glorieta no se quieran pasar al Ãºltimo carril estando en el 1ero (Central)",20.676652,-103.335882
"@gmolinnar SerÃ© completamente feliz cuando estÃ© en la cÃ¡rcel, ese infeliz",19.199485,-99.208364
Y hoy como todos los #MiÃ©rcoles toca acudir a @adn40 para mi anÃ¡lisis semanal en el noticiero #DeIdayVuelta con @vaitiaremateos Â¿QuÃ© les parece si revisamos la nueva relaciÃ³n bilateral MÃ©xico-EEUU? AhÃ­ nos vemos a eso de las 10:25 pero prÃ©nsale desde las 10:00 al menor canal!! https://t.co/C5bJYExSpi,19.305803,-99.210553
"He estado ensayando la canciÃ³n  Dime  de Aranza, espero pronto subir un video. ğŸ¤ğŸµ",21.849459000000003,-102.327207
"El que quiera estar, lo estarÃ¡; y el que no, que siga caminando.",22.270295,-97.916772
@maltorius ğŸ¤£ğŸ¤£ğŸ¤£ğŸ¤£ğŸ¤£ğŸ¤£ğŸ¤£ğŸ¤£ğŸ¤£ğŸ¤£ğŸ¤£ğŸ¤£ğŸ¤£ğŸ¤£ğŸ¤£ğŸ¤£ğŸ¤£ğŸ¤£ğŸ¤£ğŸ¤£ğŸ¤£ğŸ¤£ğŸ¤£ğŸ¤£ puro ImbÃ©cil comenta referente a la fecha de hoy. Menos Ud. Por su puesto Dr.,28.9698625,-111.498181
"@LillyTellez @jenarovillamil @lumendoz Y porque hasta ahora vociferas y te vuelves muy crÃ­tica, porque en su momento, ni como periodista seÃ±alaste tanta corrupciÃ³n, serÃ¡ que cuando con dinero les callaban la boca no existÃ­an los peores corruptos, llegaste a Morena buscando lo mismo, pero no hubo mana, no hubo, puaff.",22.3111195,-100.955511
@JuanLeo09099329 @tomik9point5 Delicioso,19.3427885,-99.050461
"@GlodeJo07 El excremento MACUSPANO @lopezobrador_ quiere sus 5 minutos de fama, lo mandaron a amedrentar, ya ves que es tÃ­tere de otro dictador mÃ¡s pendejo que el...",25.8073145,-100.3652735
"@Miriam_Junne @TheBigLudwig Yo creo que muchos no lo defienden, estÃ¡n mÃ¡s bien aclarando la mentira que puede ser esa noticia, que sea falsa y emitida por una  chayotera  , no nos confundamos!!!",20.7152745,-100.4405945
"Okey, pero Ãºltimamente me da mucho orgullo el estar comprando mis cosas yo solita â¤ï¸",23.531956,-100.6151555
@SDKidChrisM Noviembre en TorreÃ³n Coahuila compare,25.244223,-103.23313
@VanHugh2010 Y como por que no ??? Hasta los heteros les gusta .... a poco a ti no ?,20.941035,-89.62361100000003
@RousMarry05 Buenos DÃ­as Roos gracias ğŸ™ ğŸ¤— â˜•,19.542054,-96.886083
"ğŸ—“ El dÃ­a de la #NaciÃ³nPluricultural nos lleva a reconocernos en la riqueza de nuestra pluralidad, plurietnicidad y pluriculturalidad. https://t.co/tYJKDdmfpw",20.790657000000003,-103.4847745
"@angelarubii_ @Congreso_CdMex Ni medÃ­a majaderÃ­a o groserÃ­a proferÃ­, fui respetuoso,la forma enÃ©rgica no debe espantar a nadie en un parlamento en donde todas las voces deben ser escuchadas aÃºn las fuertes, el presidente de la Mesa Directiva nos ha apagado los micrÃ³fonos y ha sido parcial muchas ocasiones.",19.328383,-99.15234
@IlanaSod  @mangelangeles  cÃ³mo me gusta esa canciÃ³n de Jamie XX @airelibre_fm,19.432836,-99.153366
"Quiero enamorar a otro oftalmÃ³logo para decirle â€œhola, glaucomaâ€ de forma romÃ¡ntica https://t.co/gG19Wacv2Z",31.452274000000006,-106.568008
Â¡Bienvenido Superman! ğŸ‘ğŸ»ğŸ’ªğŸ»âš¾ï¸  A nuestra #FURIAZUL https://t.co/yhimm25OZ6,26.8782035,-101.220857
@MariettoPonce PerdÃ³n genio para ti que es morbo??,18.8466465,-99.2739295
@Alejand15024598 Es la mejor forma!!,22.560886000000004,-98.082815
Empezando la semana ğŸ¤“ ! https://t.co/s7SCsOlFDc,19.291251000000003,-99.15378
"Esa minorÃ­a de pensamiento conservador que se encuentra en clases medias y altas, y que son clasistas y racistas; esa minorÃ­a que su doctrina es la hipocresÃ­a y tienen un doble discurso, una doble moral; pueden ir al templo, a la iglesia y salen de ahÃ­ y olvidan los mandamientos.",25.6417185,-100.2935915
Lo que falta pa la papa https://t.co/F4sB8btAYE,18.945956,-99.565185
@mariadalmazzo Muy buenos dÃ­as preciosa,22.8468515,-99.329295
@AlfredoLopPce @PoloTjMX Y guantes.,20.676652,-103.335882
La mÃ¡s mezclilla ğŸ˜‚ğŸ˜‚ğŸ˜‚ğŸ˜‚ğŸ˜‚ğŸ˜‚ #LMD4 Como cuando se te acaban las ideas.,19.54393300000001,-99.1642825
@SolRosha Que cosas tan feas!! Y yo todavÃ­a lo busquÃ©.,19.318042,-99.2480095
"@CKLAMOR Gracias, Alan ğŸ¤— Se feliz ğŸ˜ŠğŸŒ¹",19.0322295,-98.1542665
